mid,record_id,native_id,platform,record_type,source_file,url,r_mid,r_url,topic,keyword,cont_clean,pt_iso_utc,lang,nlike,nrply,nfwd,nrd,user_uid,user_aname,user_sname,user_desc,user_nfans,keyword_exact_match,keyword_token_match,topic_token_match,text_word_count,has_url,has_media,topic_count_for_mid,multi_topic_noisy,relevance_label,relevance_confidence,relevance_reason,filter_mode,filter_version,llm_topic_relevance,llm_relevance_reason,llm_has_stance,llm_stance_label,llm_stance_target,llm_stance_reason,llm_discussion_potential,llm_discussion_reason,llm_final_keep_model,llm_final_keep,llm_final_keep_reason,llm_confidence,llm_needs_human_review,llm_model,llm_response_id,llm_input_tokens,llm_output_tokens,llm_total_tokens,llm_error,llm_processed_at,llm_row_key
X:post:1501992032419872768,X:post:1501992032419872768,1501992032419872768,X,post,x_message_data.txt,https://x.com/JoeBiden/status/1501992032419872768,,,美国是否应征收或避免征收碳税？,energy prices,"A large contributor to inflation this month was an increase in gas and energy prices as markets reacted to Putin's aggressive actions. I know that higher prices impact a family's budget, which is why I am fighting to bring down the everyday prices that are squeezing Americans.",2022-03-10T18:43:00+00:00,en,19638,5124,2935,-1,939091,JoeBiden,Joe Biden,"Husband to @DrBiden, proud father, grandfather, and great grandfather.",37899373,true,true,false,49,false,false,1,false,relevant,0.88,Keyword phrase appears in substantive text with supporting topic or policy context.,rule,rule_v1.3_multi_platform_2026-07-02,,,,,,,,,,false,,,true,../models/Qwen3-32B,,,,,"JSONDecodeError: Expecting ',' delimiter: line 1 column 601 (char 600)",2026-07-14T08:22:58,33539c7b7cc8cd43bb8216db6f6d74dc16a6eafd
YouTube:video:gf6HTR7cka4,YouTube:video:gf6HTR7cka4,gf6HTR7cka4,YouTube,video,ytb_video_data.txt,https://www.youtube.com/watch?v=gf6HTR7cka4,,,AI 语音诈骗是否应强制披露或限制？,AI scam call || voice cloning scam,"What is the AI voice cloning scam? A sudden phone call from a ""friend"" asking for monetary help could actually be a scam. Beware... :x: :burning-money: ----------------------------------------------------------------------------------------------------------------------------------------Brut India is the fastest-growing digital video publisher in the country. We're a young, independent platform producing compelling journalism in new formats. You can also find us here: Facebook: / brutindia Instagram: / brut.india Twitter: / brutindia Snapchat: Brut India Snapchat: Brut India Stories",2023-08-29T16:00:00+00:00,,216,2,-1,8549,UCCgQaXjsJ6EdFPZeTFQoSyw,BrutIndia,Brut India,,0,true,true,true,71,false,true,1,false,relevant,0.8,Keyword phrase appears in substantive text with supporting topic or policy context.,rule,rule_v1.3_multi_platform_2026-07-02,,,,,,,,,,false,,,true,../models/Qwen3-32B,,,,,"JSONDecodeError: Expecting ',' delimiter: line 1 column 523 (char 522)",2026-07-14T08:23:01,6ab44a853dcbe64585dc096ec8ffb6835cd4bf05
YouTube:video:PKvAXtRE9Ew,YouTube:video:PKvAXtRE9Ew,PKvAXtRE9Ew,YouTube,video,ytb_video_data.txt,https://www.youtube.com/watch?v=PKvAXtRE9Ew,,,政府是否应保护堕胎服务的可及性？,reproductive rights,"Fight over reproductive rights takes center stage in Florida with presidential visit Next week, Florida will become one of the most restrictive states in the nation to get an abortion.",2024-06-21T22:17:14+00:00,,-1,-1,-1,190,UCDvJcb8Adv-_bOrtnRLmiDw,WflaNewsChannel8,WFLA News Channel 8,,0,true,true,false,30,false,true,1,false,relevant,0.88,Keyword phrase appears in substantive text with supporting topic or policy context.,rule,rule_v1.3_multi_platform_2026-07-02,,,,,,,,,,false,,,true,../models/Qwen3-32B,,,,,"JSONDecodeError: Expecting ',' delimiter: line 1 column 462 (char 461)",2026-07-14T08:23:30,bfe299e4f6be3f063e9e643ae1001db1261674b0
YouTube:video:slQWUsW7154,YouTube:video:slQWUsW7154,slQWUsW7154,YouTube,video,ytb_video_data.txt,https://www.youtube.com/watch?v=slQWUsW7154&pp=0gcJCQwBg6NKuzgg,,,政府是否应扩大纳洛酮等阿片过量急救药的获取？,opioid crisis,"Opioid crisis: States say the opioid crisis has cost U.S. economy over $2T U.S. states are claiming that opioid manufacturers, distributors, and others who fueled the country's decades-long opioid crisis will cost the economy at least $2.15 trillion by the year 2040. The figure was reported in a filing made public Monday in the Southern District of New York in the bankruptcy case for OxyContin maker Purdue Pharmaceutical. ""The opioid epidemic has ravaged this country as a single family has made billions profiting from the destruction it caused,"" New York Attorney General Letitia James said in a statement emailed to Yahoo Finance. ""The millions of families that have suffered as the result of addiction, ailments, and death can never be repaid for their losses, and no amount of money can ever compensate for the pain that so many now know."" Between 2007 and 2019, the states estimated that their systems took a $630 billion hit. Anticipated costs of $1.53 trillion from 2020 to 2040 are estimated to run up the rest of the tab. ""As expected,"" a Purdue spokesperson stated, ""claims have been filed by a variety of private and public entities, including the states and territories, and it is typical for claims to be filed in amounts substantially larger than what is ultimately allowed by the court."" The company, which filed for bankruptcy in September amid mounting lawsuits against opioid supply chain participants, proposed delivering more than $10 billion in value — including 100% of Purdue's assets — toward claimants, communities, opioid addiction treatment, and overdose reversal medicines.U.S. states are claiming that opioid manufacturers, distributors, and others who fueled the country's decades-long opioid crisis will cost the economy at least $2.15 trillion by the year 2040. The figure was reported in a filing made public Monday in the Southern District of New York in the bankruptcy case for OxyContin maker Purdue Pharmaceutical. ""The opioid epidemic has ravaged this country as a single family has made billions profiting from the destruction it caused,"" New York Attorney General Letitia James said in a statement emailed to Yahoo Finance. ""The millions of families that have suffered as the result of addiction, ailments, and death can never be repaid for their losses, and no amount of money can ever compensate for the pain that so many now know."" 'An extraordinary number of people are taking opioids' In December 1995, the FDA approved a new opioid known as Oxycodone. Subsequently, according to the National Institute on Drug Abuse, ""pharmaceutical companies reassured the medical community that patients would not become addicted to prescription opioid pain relievers, and health care providers began to prescribe them at greater rates."" The cost of millions of Americans becoming addicted to prescription opioids on the country's economy has not gone unnoticed. Last year, while testifying before the House Financial Services Committee, Federal Reserve Chair Jerome Powell spoke of its effects on the workforce. ""An extraordinary number of people are taking opioids in one form or another and it weighs on labor force participation,"" Powell said. ""It's a national crisis, really. The humanitarian crisis of it is completely compelling but the economic impact is also quite substantial."" For more on this article please visit: https://finance.yahoo.com/news/opioid... Subscribe to Yahoo Finance: https://yhoo.it/2fGu5Bb About Yahoo Finance: At Yahoo Finance, you get free stock quotes, up-to-date news, portfolio management resources, international market data, social interaction and mortgage rates that help you manage your financial life. Connect with Yahoo Finance: Get the latest news: https://yhoo.it/2fGu5Bb Find Yahoo Finance on Facebook: http://bit.ly/2A9u5Zq Follow Yahoo Finance on Twitter: http://bit.ly/2LMgloP Follow Yahoo Finance on Instagram: http://bit.ly/2LOpNYz",2020-08-18T16:00:00+00:00,,15,2,-1,925,UCEAZeUIeJs0IjQiqTCdVSIg,YahooFinance,Yahoo Finance,,0,true,true,false,631,true,true,1,false,relevant,0.88,Keyword phrase appears in substantive text with supporting topic or policy context.,rule,rule_v1.3_multi_platform_2026-07-02,,,,,,,,,,false,,,true,../models/Qwen3-32B,,,,,"JSONDecodeError: Expecting ',' delimiter: line 1 column 570 (char 569)",2026-07-14T08:23:33,ed73b7c42979efb849e2838e78626768326a6852
YouTube:video:quAJoDbIBF8,YouTube:video:quAJoDbIBF8,quAJoDbIBF8,YouTube,video,ytb_video_data.txt,https://www.youtube.com/watch?v=quAJoDbIBF8,,,是否应加强警察问责并限制 qualified immunity？,police accountability,"COPA Examines Video Of Officer Who Got Into Scuffle With Woman On North Avenue Beach The Civilian Office of Police Accountability was investigating Sunday night, after an incident two nights earlier at the North Avenue Beach involving a woman who was walking her dog. CBS 2's Steven Graves reports.",2021-08-29T16:00:00+00:00,,137,0,-1,6128,UCkBS_xU1WQ7FVsDoQ_OPeDg,CBSChicago,CBS Chicago,,0,true,true,false,50,false,true,1,false,relevant,0.8,Keyword phrase appears in substantive text with supporting topic or policy context.,rule,rule_v1.3_multi_platform_2026-07-02,,,,,,,,,,false,,,true,../models/Qwen3-32B,,,,,"JSONDecodeError: Expecting ',' delimiter: line 1 column 522 (char 521)",2026-07-14T08:23:46,b152382a74f1d256090af5521835574d2865767e
YouTube:video:9HxMN4-s5Ug,YouTube:video:9HxMN4-s5Ug,9HxMN4-s5Ug,YouTube,video,ytb_video_data.txt,https://www.youtube.com/watch?v=9HxMN4-s5Ug,,,避孕服务是否应免除自付费用？,contraception access,"Young Men's Access to Emergency Contraception A new study found that one in five times, a young man was prevented from purchasing emergency contraception in New York City. Lead investigator David Bell, MD, MPH, associate professor of Population and Family Health, discusses the findings of his ""mystery shopper"" study.",2014-09-30T16:00:00+00:00,,0,0,-1,229,UCPWh8U8cqXotNi5vWuDraew,ColumbiaPublicHealth,Columbia Public Health,,0,false,true,false,50,false,true,1,false,relevant,0.78,Multiple keyword tokens match and the text contains topic or public-policy context.,rule,rule_v1.3_multi_platform_2026-07-02,,,,,,,,,,false,,,true,../models/Qwen3-32B,,,,,"JSONDecodeError: Expecting ',' delimiter: line 1 column 506 (char 505)",2026-07-14T08:24:36,d705fb9fff45fcfc0206f8cf46bb2da4d7a56f54
Reddit:post:1uiu2kl,Reddit:post:1uiu2kl,1uiu2kl,Reddit,post,red_message_data.txt,https://www.reddit.com/r/ausbusiness/comments/1uiu2kl/what_hidden_fees_or_traps_should_i_watch_out_for/,,,演唱会和体育赛事门票是否应强制显示全价？,hidden fees,What hidden fees or traps should I watch out for with business loans?,2026-06-29T14:28:40+00:00,,0,1,-1,-1,,FS_BreakingNews,,,0,true,true,false,13,false,false,1,false,relevant,0.8,Keyword phrase appears in substantive text with supporting topic or policy context.,rule,rule_v1.3_multi_platform_2026-07-02,,,,,,,,,,false,,,true,../models/Qwen3-32B,,,,,"JSONDecodeError: Expecting ',' delimiter: line 1 column 649 (char 648)",2026-07-14T08:22:48,d35199a3eac60da5db98cc4ef9c6ab7abc30a612
X:post:1327928897665519616,X:post:1327928897665519616,1327928897665519616,X,post,x_message_data.txt,https://x.com/PrakashJavdekar/status/1327928897665519616,,,政府是否应补贴家庭净水设备以应对 PFAS 等污染？,water filters,"Happy to note that India has added two more Ramsar sites. 🔹Lonar lake in Maharashtra, the only crater lake of Country. 🔹Sur Sarovar, also known as Keetham lake, in Agra. Wetlands are the world's natural water filters &one of the most productive ecosystem on the planet. https://t.co/SCSJypHusB",2020-11-15T10:58:15+00:00,en,1556,22,242,-1,1072993274,PrakashJavdekar,Prakash Javadekar,Ex Union Cabinet Minister & Ex MP. Facebook : PrakashJavadekarOfficial,2713443,true,true,false,51,true,true,1,false,relevant,0.8,Keyword phrase appears in substantive text with supporting topic or policy context.,rule,rule_v1.3_multi_platform_2026-07-02,,,,,,,,,,false,,,true,../models/Qwen3-32B,,,,,"JSONDecodeError: Expecting ',' delimiter: line 1 column 607 (char 606)",2026-07-14T08:22:51,eee145347fe7d053bc18b3cf215da80cb408aca1
X:post:2066279269043679322,X:post:2066279269043679322,2066279269043679322,X,post,x_message_data.txt,https://x.com/CGTNEurope/status/2066279269043679322,,,政府是否应补贴家庭净水设备以应对 PFAS 等污染？,forever chemicals,"Perfluoroalkyl (PFOS) and polyfluoroalkyl substances (PFAS) are a group of more than 10,000 long-lasting, man-made chemicals that some scientists want banned. Known as Forever Chemicals, PFAS are the most persistent synthetic chemicals ever produced and are predicted to remain https://t.co/QkmuRJcJG6",2026-06-14T21:59:02+00:00,en,0,0,0,205,814819352662790145,CGTNEurope,CGTN Europe,🇨🇳🇪🇺China Global Television Network in Europe 👁 See the difference: https://t.co/FFlecWVlxO Telegram: https://t.co/j2hRfJdpMn,39856,true,true,true,46,true,true,1,false,relevant,0.88,Keyword phrase appears in substantive text with supporting topic or policy context.,rule,rule_v1.3_multi_platform_2026-07-02,,,,,,,,,,false,,,true,../models/Qwen3-32B,,,,,"JSONDecodeError: Expecting ',' delimiter: line 1 column 517 (char 516)",2026-07-14T08:22:51,722d5a0feb455b643cfb408d5412497bd2cb952a
X:post:1536147854993108994,X:post:1536147854993108994,1536147854993108994,X,post,x_message_data.txt,https://x.com/CREACleanAir/status/1536147854993108994,,,美国是否应扩大液化天然气 LNG 出口？,fossil fuel exports,"BREAKING: Russia earned EUR 93 billion in revenue from fossil fuel exports in the first 100 days of the invasion of Ukraine. The EU imported 61% of this, worth approximately 57 billion EUR. Read more: https://t.co/L9nFEQwl7G https://t.co/O6BYbgpT3w",2022-06-13T00:46:03+00:00,en,1137,70,1066,-1,1188901302165741569,CREACleanAir,Centre for Research on Energy and Clean Air,"Independent research org focused on trends, causes, health impacts & solutions to air pollution @CREACleanAir@masto.ai; @ https://t.co/ye8Sc2bFN3",7995,true,true,false,43,true,true,1,false,relevant,0.8,Keyword phrase appears in substantive text with supporting topic or policy context.,rule,rule_v1.3_multi_platform_2026-07-02,,,,,,,,,,false,,,true,../models/Qwen3-32B,,,,,"JSONDecodeError: Expecting ',' delimiter: line 1 column 536 (char 535)",2026-07-14T08:22:59,6dbfec5d7ea6be8a21a567a9988504c9ca6eb71c
YouTube:video:-c5vwyRrHBg,YouTube:video:-c5vwyRrHBg,-c5vwyRrHBg,YouTube,video,ytb_video_data.txt,https://www.youtube.com/watch?v=-c5vwyRrHBg,,,大学生是否应更容易获得 SNAP 食品援助？,college students SNAP,"When Students Snap Back at Rude Teachers! Not every classroom meltdown starts with the students. This video captures real moments of students standing up to disrespectful teachers — and teachers who completely lose control in class. From power struggles to emotional outbursts, these classroom conflicts show what happens when things go too far.",2025-07-20T16:00:00+00:00,,9018,1000,-1,541204,UC5Gr_8R-P6o_RCd6xGlXQWw,HitWiree,HitWire,,0,false,true,true,52,false,true,1,false,relevant,0.78,Multiple keyword tokens match and the text contains topic or public-policy context.,rule,rule_v1.3_multi_platform_2026-07-02,,,,,,,,,,false,,,true,../models/Qwen3-32B,,,,,"JSONDecodeError: Expecting ',' delimiter: line 1 column 494 (char 493)",2026-07-14T08:23:16,5bc58c694dbe6c2930e28bee4d204d0b509a51fd
YouTube:video:TEQaZJfv7q8,YouTube:video:TEQaZJfv7q8,TEQaZJfv7q8,YouTube,video,ytb_video_data.txt,https://www.youtube.com/watch?v=TEQaZJfv7q8,,,平台是否应强制移除非自愿 AI 伪造私密影像？,AI deepfake,"Decode : Deepfake-AI Content पर सरकार का बड़ा कदम | Sudhir Chaudhary | Indian Govt AI Rules| IT Act India Tightens Rules Against Deepfake-AI Content From February 20 Decode With Sudhir Chaudhary : The Government of India has amended the IT Act 2021 to protect citizens from deepfake videos and AI-generated fake content, with new rules coming into force from February 20. Any AI-generated photo, video, or audio shared on social media must clearly disclose that it is AI-made. Misleading or fake AI content must be removed within three hours by social media platforms. Stricter action has been mandated for AI content involving children, private images, or violence. Legal action can also be taken against platforms that fail to comply with the rules. Decode With Sudhir Chaudhary : Deepfake वीडियो और AI से बने फर्जी कंटेंट से लोगों को बचाने के लिए भारत सरकार ने IT Act 2021 में बड़ा संशोधन किया है, जो 20 फरवरी से लागू होगा। नए नियमों के तहत AI से बने फोटो, वीडियो और ऑडियो पर साफ बताना जरूरी होगा कि कंटेंट AI से बनाया गया है। भ्रामक या फर्जी AI कंटेंट को सोशल मीडिया प्लेटफॉर्म्स को 3 घंटे के भीतर हटाना होगा। बच्चों, निजी तस्वीरों और हिंसा से जुड़े AI कंटेंट पर सख्त कार्रवाई की जाएगी। नियम न मानने पर सोशल मीडिया कंपनियों पर भी कानूनी कार्रवाई का प्रावधान किया गया है। #Decode #DecodeWithSudhirChaudhary #SudhirChaudhary #IndiaDeepfakeLaw #Deepfake #IndiaAIRegulation #AI #ITAct #CyberCrime #DigitalIndia #SocialMediaRules #CyberSafety #HindiNews #DDNewsHindi DD News is India's 24x7 news channel from the stable of the country's Public Service Broadcaster, Prasar Bharati. It has the distinction of being India's only terrestrial cum satellite News Channel. Launched in 2003, DD News has established a reputation for delivering balanced, fair, and accurate news. Subscribe: For more news, go to: / ddnews Follow DD News on social media: ► WhatsApp: https://whatsapp.com/channel/0029VaJ8... ►English Twitter: / ddnewslive ►Hindi Twitter: / ddnewshindi ►Facebook: / ddnews ►Instagram: / ddnews_official ►Website: https://ddnews.gov.in",2026-02-10T16:00:00+00:00,,1535,145,-1,93663,UCKwucPzHZ7zCUIf7If-Wo1g,DDnews,DD News,,0,false,true,true,400,true,true,1,false,weakly_relevant,0.62,"The single-token keyword appears with public-policy context, but topic discussion is limited.",rule,rule_v1.3_multi_platform_2026-07-02,,,,,,,,,,false,,,true,../models/Qwen3-32B,,,,,"JSONDecodeError: Expecting ',' delimiter: line 1 column 561 (char 560)",2026-07-14T08:23:22,8e01ff8f23797753d2b6b908c0bc75a9033f747c
YouTube:video:cq8lqOTZtCE,YouTube:video:cq8lqOTZtCE,cq8lqOTZtCE,YouTube,video,ytb_video_data.txt,https://www.youtube.com/watch?v=cq8lqOTZtCE&pp=0gcJCQwBg6NKuzgg,,,美国是否应加强移民执法和庇护限制？,asylum policy,Political stoush continues over asylum policy Prime Minister Julia Gillard and Opposition Leader Tony Abbott are blaming each other for the collapse of plans for offshore processing of asylum seekers.,2011-10-13T16:00:00+00:00,,1,0,-1,45,UCVgO39Bk5sMo66-6o6Spn6Q,abcnewsaustralia,ABC News (Australia),,0,true,true,false,30,false,true,1,false,relevant,0.88,Keyword phrase appears in substantive text with supporting topic or policy context.,rule,rule_v1.3_multi_platform_2026-07-02,,,,,,,,,,false,,,true,../models/Qwen3-32B,,,,,"JSONDecodeError: Expecting ',' delimiter: line 1 column 465 (char 464)",2026-07-14T08:24:20,f43768ecc7a559094fd93c7a4c9545edc8984bec
YouTube:video:g3lMxf4HOZk,YouTube:video:g3lMxf4HOZk,g3lMxf4HOZk,YouTube,video,ytb_video_data.txt,https://www.youtube.com/watch?v=g3lMxf4HOZk,,,美国是否应扩大可负担住房供给？,housing crisis,From housing crisis to hope: How one Lee County mom beat the odds to find a home A single mother in Bonita Springs secured a new home with help from Habitat for Humanity after struggling with housing costs following Hurricane Ian. Gulf Coast News is your home for Florida breaking news and weather. For your latest Florida news and weather visit: https://www.gulfcoastnewsnow.com/ For licensing inquiries: https://www.gulfcoastnewsnow.com/lice...,2026-05-14T16:00:00+00:00,,13,2,-1,278,UCIYVU7fPs_n6gJIBso3ryeg,GulfCoastNewsNow,Gulf Coast News,,0,true,true,false,73,true,true,1,false,relevant,0.88,Keyword phrase appears in substantive text with supporting topic or policy context.,rule,rule_v1.3_multi_platform_2026-07-02,,,,,,,,,,false,,,true,../models/Qwen3-32B,,,,,"JSONDecodeError: Expecting ',' delimiter: line 1 column 600 (char 599)",2026-07-14T08:24:27,43bfd05b406eda2e3b1b7be75437eb91043b86a8
YouTube:video:rADSPF6S6Ok,YouTube:video:rADSPF6S6Ok,rADSPF6S6Ok,YouTube,video,ytb_video_data.txt,https://www.youtube.com/watch?v=rADSPF6S6Ok,,,美国是否应扩大液化天然气 LNG 出口？,energy security,"Indigenous Nations are partnering with industry for energy security A comment by Stephen Buffalo, President and CEO of the Indian Resource Council.",2025-06-26T04:56:34+00:00,,-1,-1,-1,9,UCvvbgIVMGvm-pX5Dqy756yQ,EnergySecureFuture,Energy for a Secure Future,,0,true,true,false,22,false,true,1,false,relevant,0.88,Keyword phrase appears in substantive text with supporting topic or policy context.,rule,rule_v1.3_multi_platform_2026-07-02,,,,,,,,,,false,,,true,../models/Qwen3-32B,,,,,"JSONDecodeError: Expecting ',' delimiter: line 1 column 554 (char 553)",2026-07-14T08:24:31,b3b90e014e048a24401cc2cdb5b07cdb73a8254e
X:post:877215080970166272,X:post:877215080970166272,877215080970166272,X,post,x_message_data.txt,https://x.com/IvankaTrump/status/877215080970166272,,,是否应提供带薪家庭假和育儿假？,paid family leave,"Just left a productive meeting on the Hill to discuss issues affecting American working families, including childcare & paid family leave!",2017-06-20T17:22:27+00:00,en,8040,1005,1128,-1,52544275,IvankaTrump,Ivanka Trump,,11177625,true,true,false,20,false,false,1,false,relevant,0.8,Keyword phrase appears in substantive text with supporting topic or policy context.,rule,rule_v1.3_multi_platform_2026-07-02,,,,,,,,,,false,,,true,../models/Qwen3-32B,,,,,"JSONDecodeError: Expecting ',' delimiter: line 1 column 508 (char 507)",2026-07-14T08:22:55,5b9854b141b5344f8cb64323960f09c761aa2f1a
YouTube:video:m8g7p5bBVQA,YouTube:video:m8g7p5bBVQA,m8g7p5bBVQA,YouTube,video,ytb_video_data.txt,https://www.youtube.com/watch?v=m8g7p5bBVQA,,,IVF 等辅助生殖治疗是否应获得更多公共支持？,in vitro fertilization,In Vitro Fertilization - How Health Insurance May Cover Your Treatment In vitro fertilization(IVF) is a medical treatment that helps couples struggling with infertility have children. WhileIVFcan be ...,2023-06-23T04:15:47+00:00,,-1,-1,-1,14,UCISaOuvwsRON80eKemOHh-Q,eacuwell,EACUWELL | Your Holistic Approach To Healing,,0,true,true,true,28,false,true,1,false,relevant,0.88,Keyword phrase appears in substantive text with supporting topic or policy context.,rule,rule_v1.3_multi_platform_2026-07-02,,,,,,,,,,false,,,true,../models/Qwen3-32B,,,,,"JSONDecodeError: Expecting ',' delimiter: line 1 column 565 (char 564)",2026-07-14T08:23:08,e11991833df6c7bfff63db524a8e62b37ff36ab0
YouTube:video:ZrOkD63e7TM,YouTube:video:ZrOkD63e7TM,ZrOkD63e7TM,YouTube,video,ytb_video_data.txt,https://www.youtube.com/watch?v=ZrOkD63e7TM,,,政府是否应扩大纳洛酮等阿片过量急救药的获取？,opioid crisis,"Fed Chairman Powell on the effects of the opioid crisis on the economy Jerome Powell tells 60 Minutes about the factors that have led the United States to have a lower labor force participation rate than almost every other advanced country. To see the full report, click here: https://cbsn.ws/2VKu43O Subscribe to the ""60 Minutes"" Channel HERE: http://bit.ly/1S7CLRu Watch Full Episodes of ""60 Minutes"" HERE: http://cbsn.ws/1Qkjo1F Get more ""60 Minutes"" from ""60 Minutes: Overtime"" HERE: http://cbsn.ws/1KG3sdr Relive past episodies and interviews with ""60 Rewind"" HERE: http://cbsn.ws/1PlZiGI Follow ""60 Minutes"" on Instagram HERE: http://bit.ly/23Xv8Ry Like ""60 Minutes"" on Facebook HERE: http://on.fb.me/1Xb1Dao Follow ""60 Minutes"" on Twitter HERE: http://bit.ly/1KxUsqX Follow ""60 Minutes"" on Google+ HERE: http://bit.ly/1KxUvmG Get unlimited ad-free viewing of the latest stories plus access to classic 60 Minutes archives, 60 Overtime, and exclusive extras. Subscribe to 60 Minutes All Access HERE: http://cbsn.ws/23XvRSS Get the latest news and best in original reporting from CBS News delivered to your inbox. Subscribe to newsletters HERE: http://cbsn.ws/1RqHw7T Get your news on the go! Download CBS News mobile apps HERE: http://cbsn.ws/1Xb1WC8 Get new episodes of shows you love across devices the next day, stream local news live, and watch full seasons of CBS fan favorites anytime, anywhere with CBS All Access. Try it free! http://bit.ly/1OQA29B --- ""60 Minutes,"" the most successful television broadcast in history. Offering hard-hitting investigative reports, interviews, feature segments and profiles of people in the news, the broadcast began in 1968 and is still a hit, over 50 seasons later, regularly making Nielsen's Top 10. ""60 Minutes"" has won more Emmy Awards than any other primetime broadcast, including a special Lifetime Achievement Emmy. It has also won every major broadcast journalism award over its tenure, including 24 Peabody and 18 DuPont Columbia University awards for excellence in television broadcasting. Other distinguished awards won multiple times include the George Polk, RTNDA Edward R. Murrow, Investigative Reporters and Editors, RFK Journalism, Sigma Delta Chi and Gerald Loeb Awards for Distinguished Business and Financial Reporting. ""60 Minutes"" premiered on CBS Sept. 24, 1968. The correspondents and contributors of ""60 Minutes"" are Bill Whitaker, Steve Kroft, Scott Pelley, Lesley Stahl, Anderson Cooper, Sharyn Alfonsi, Jon Wertheim and Norah O'Donnell. ""60 Minutes"" airs Sundays at 7 p.m. ET/PT. Check your local listings.",2019-03-10T16:00:00+00:00,,123,45,-1,18730,UCsN32BtMd0IoByjJRNF12cw,60minutes,60 Minutes,,0,true,true,false,419,true,true,1,false,relevant,0.88,Keyword phrase appears in substantive text with supporting topic or policy context.,rule,rule_v1.3_multi_platform_2026-07-02,,,,,,,,,,false,,,true,../models/Qwen3-32B,,,,,"JSONDecodeError: Expecting ',' delimiter: line 1 column 549 (char 548)",2026-07-14T08:23:30,3941546516ab509d070941f88799ee77006645e4
YouTube:video:0vNeNWKZuy0,YouTube:video:0vNeNWKZuy0,0vNeNWKZuy0,YouTube,video,ytb_video_data.txt,https://www.youtube.com/watch?v=0vNeNWKZuy0&pp=0gcJCQwBg6NKuzgg,,,政府是否应进一步压低处方药价格？,PBM reform,"Emmanuel Escobar Remarks on PBM Reform Health Market Reform Subcommittee FPA Legislation Emmanuel Escobar gives Remarks during public testimony on PBM Reform at the Health Market Reform Subcommittee Connect with Emmanuel ""Eman"" Escobar on LinkedIn - / emmanuelp. . Connect on Facebook - / emmanuel299 Connect on Instagram - / emmanuelesc. . Twitter: @EmanEscobar1 HB961 Legislative Session 2020 Emmanuel Escobar ◎ Pharmacy⍆MBA Candidate ◎ DNA Driven Solution Creator ◎ Healthcare Innovation & Technology Advocate ◎ National Pharmacy Leadership Honor Society ◎ Phi Lambda Sigma ◎ Phi Delta Chi Professional ◎ TEDxNSU Organizer",2020-04-21T16:00:00+00:00,,1,0,-1,54,UCEF9iQtXebljlE5vi4-kH-A,emmanuelescobar6332,Emmanuel Escobar,,0,true,true,false,77,false,true,1,false,relevant,0.88,Keyword phrase appears in substantive text with supporting topic or policy context.,rule,rule_v1.3_multi_platform_2026-07-02,,,,,,,,,,false,,,true,../models/Qwen3-32B,,,,,"JSONDecodeError: Expecting ',' delimiter: line 1 column 558 (char 557)",2026-07-14T08:23:39,a60581a9168af659266fb72fe2527e42474d0b83
YouTube:video:5zWKph0G2qU,YouTube:video:5zWKph0G2qU,5zWKph0G2qU,YouTube,video,ytb_video_data.txt,https://www.youtube.com/watch?v=5zWKph0G2qU,,,演唱会和体育赛事门票是否应强制显示全价？,hidden fees,"401(k) Hidden Fees Part 1 Award-winning investigative reporter and broadcaster Gary Matsumoto won the 2008 Business Emmy for ""Outstanding ...",2011-06-24T14:29:33+00:00,,-1,-1,-1,9806,UCGWRmfymp3LoU6o7hXC8ymw,MatsumotoGary,Gary Matsumoto,,0,true,true,false,21,false,true,1,false,relevant,0.8,Keyword phrase appears in substantive text with supporting topic or policy context.,rule,rule_v1.3_multi_platform_2026-07-02,,,,,,,,,,false,,,true,../models/Qwen3-32B,,,,,"JSONDecodeError: Expecting ',' delimiter: line 1 column 651 (char 650)",2026-07-14T08:24:12,bcc2ba9da5e4741731d7a8d0023d8096ed557a65
YouTube:video:SxlTwoTguKU,YouTube:video:SxlTwoTguKU,SxlTwoTguKU,YouTube,video,ytb_video_data.txt,https://www.youtube.com/watch?v=SxlTwoTguKU,,,美国是否应扩大液化天然气 LNG 出口？,energy security,"Energy Security and Carbon Emissions Energy security is a major issue now, particularly in the light of climate change. As the independent energy experts, the International Energy Agency says: ""Nuclear energy can help make the energy sector's journey away from unabated fossil fuels faster and more secure."" Find out how. Subscribe for more videos: http://goo.gl/VxsqCz Follow IAEA on social media: Facebook - / iaeaorg Twitter - / iaeaorg Instagram - / iaeaorg LinkedIn - / iaea © IAEA Office of Public Information and Communication http://iaea.org",2022-11-28T16:00:00+00:00,,81,0,-1,6308,UCJjzF7cdxa0jZv_fDE_wm4A,IAEAvideo,IAEAvideo,,0,true,true,false,82,true,true,1,false,relevant,0.88,Keyword phrase appears in substantive text with supporting topic or policy context.,rule,rule_v1.3_multi_platform_2026-07-02,,,,,,,,,,false,,,true,../models/Qwen3-32B,,,,,"JSONDecodeError: Expecting ',' delimiter: line 1 column 513 (char 512)",2026-07-14T08:24:29,2936fe8a3cdb1e2c175536200a89c252032ac6ca
YouTube:video:1BaabyBmKdI,YouTube:video:1BaabyBmKdI,1BaabyBmKdI,YouTube,video,ytb_video_data.txt,https://www.youtube.com/watch?v=1BaabyBmKdI,,,避孕服务是否应免除自付费用？,reproductive healthcare,"Gena Ozols - Reproductive Healthcare in Hollywood Hollywood has some pretty fun tropes to make fun of, like when ""cool guys don't look at explosion,"" but some of these tropes can be harmful when they endorse falsehoods about women's healthcare that become accepted as fact by everyday people. From myths about labor and delivery, to the lack of OBGYN's in the Star Wars universe.",2020-03-19T16:00:00+00:00,,2,0,-1,95,UC4WfNvnAsxNpzDlXybpODow,IgniteDenver,Ignite Denver,,0,true,true,false,66,false,true,1,false,relevant,0.8,Keyword phrase appears in substantive text with supporting topic or policy context.,rule,rule_v1.3_multi_platform_2026-07-02,,,,,,,,,,false,,,true,../models/Qwen3-32B,,,,,"JSONDecodeError: Expecting ',' delimiter: line 1 column 586 (char 585)",2026-07-14T08:24:35,c93eb768acc3824a4d0a6fad527c2e7ab6ac24ee
YouTube:video:z1x2U_kRiK8,YouTube:video:z1x2U_kRiK8,z1x2U_kRiK8,YouTube,video,ytb_video_data.txt,https://www.youtube.com/watch?v=z1x2U_kRiK8,,,高校是否应为高学费和学生债务承担更多责任？,college tuition,Highmark BCBS College Tuition Benefit | HM Medical LG and Blue Edge Dental Large Group - member Drive awareness & understanding of with Clients & members of theCollege TuitionBenefit offering.,2021-06-21T02:50:36+00:00,,-1,-1,-1,158,UC9sqS7WBFFxGg5LdUUZaWdw,Highmarkinc,Highmark,,0,true,true,false,26,false,true,1,false,relevant,0.88,Keyword phrase appears in substantive text with supporting topic or policy context.,rule,rule_v1.3_multi_platform_2026-07-02,,,,,,,,,,false,,,true,../models/Qwen3-32B,,,,,"JSONDecodeError: Expecting ',' delimiter: line 1 column 670 (char 669)",2026-07-14T08:24:42,87ebb40c86dcba80834866f3878829bf216389f1
X:post:1824560415126257762,X:post:1824560415126257762,1824560415126257762,X,post,x_message_data.txt,https://x.com/BarackObama/status/1824560415126257762,,,是否应扩大儿童税收抵免或改成按月发放？,child tax credit || family tax credit,"From capping the cost of prescription drugs for all to providing first-time homebuyers with financial support to restoring the child tax credit for families, @KamalaHarris just laid out some ways she'll help lower costs for the American people. She has the vision, the https://t.co/ulLBup9tZU",2024-08-16T21:34:36+00:00,en,185657,14951,27496,23449949,813286,BarackObama,Barack Obama,"Dad, husband, President, citizen.",119258642,true,true,false,49,true,true,4,false,relevant,0.88,Keyword phrase appears in substantive text with supporting topic or policy context.,rule,rule_v1.3_multi_platform_2026-07-02,,,,,,,,,,false,,,true,../models/Qwen3-32B,,,,,"JSONDecodeError: Expecting ',' delimiter: line 1 column 473 (char 472)",2026-07-14T08:22:48,8c0e55cb7efc2ffc57e75f5b247e6a7833c8ee4a
X:post:1684270626310066176,X:post:1684270626310066176,1684270626310066176,X,post,x_message_data.txt,https://x.com/JoeBiden/status/1684270626310066176,,,信用卡滞纳金是否应被限制？,junk fees,"We're cracking down on hidden junk fees in rental housing. Some folks have had to pay $100 or more just to fill out a rental application, even though a credit check can cost as little as $20. It's simply not right.",2023-07-26T18:33:04+00:00,en,18943,4975,2862,2943237,939091,JoeBiden,Joe Biden,"Husband to @DrBiden, proud father, grandfather, and great grandfather.",37899373,true,true,false,43,false,false,1,false,relevant,0.88,Keyword phrase appears in substantive text with supporting topic or policy context.,rule,rule_v1.3_multi_platform_2026-07-02,,,,,,,,,,false,,,true,../models/Qwen3-32B,,,,,"JSONDecodeError: Expecting ',' delimiter: line 1 column 573 (char 572)",2026-07-14T08:22:48,401ed3c5c716aade80621dbde2053e54eb574bce
YouTube:video:mnyYa-Fwvw4,YouTube:video:mnyYa-Fwvw4,mnyYa-Fwvw4,YouTube,video,ytb_video_data.txt,https://www.youtube.com/watch?v=mnyYa-Fwvw4,,,信用卡滞纳金是否应被限制？,CFPB late fee cap || credit card late fees,"New CFPB rule caps banks' credit card late fees at $8 The Consumer Financial Protection Bureau unveiled a new rule on Tuesday that it said would cap the typical late fee that banks charge customers at $8 per incident. By cutting late fees to $8 from an average of around $32, more than 45 million card users would save an average of $220 annually, the CFPB said in a release. The new rule, long expected after an initial proposal was floated early last year, comes after the agency said it reviewed market data related to the 2009 Card Act. Regulations tied to that law granted card issuers the ability to charge ever-increasing amounts of late fees.""For over a decade, credit card giants have been exploiting a loophole to harvest billions of dollars in junk fees from American consumers,"" CFPB Director Rohit Chopra said in the release. ""Today's rule ends the era of big credit card companies hiding behind the excuse of inflation when they hike fees on borrowers and boost their own bottom lines.""The announcement is the latest salvo in President Joe Biden's war against so-called junk fees. The big banks that issue credit cards have been raising the cost of late penalties since 2010, and the fees exceeded $14 billion in 2022, according to the CFPB. The industry profits from customers with low credit scores, who rack up an average of $138 annually in late fees per card, said Chopra. The rule, which applies to card issuers with at least one million open accounts, also ends automatic inflation adjustments on late fees. Instead, the agency said it would adjust the fee if needed to cover collection costs, and that card issuers can charge higher fees if they prove they are necessary. The rule doesn't directly impact interest rates, the CFPB said. An industry group criticized the CFPB rule on Tuesday, saying that many card users will see higher interest rates and reduced credit availability. The group also questioned the process by which the rule was issued. The CFPB says that Congress granted it the authority to administer the Card Act.""The rule's policy goals are, at best, consumer redistribution, not consumer protection,"" Consumer Bankers Association head Lindsey Johnson said in a statement. ""Equally concerning is that this rule continues the CFPB's deeply problematic practice of rushing to prioritize headlines at the expense of legal process.""Another industry group, the American Bankers Association, said it is considering options to push back against the CFPB's rules. In a release, Republican Senator Tim Scott of South Carolina said he would lean on the Congressional Review Act to fight implementation of the late fee cap. The rule goes into effect 60 days after its publication in the Federal Register, the CFPB said. All data is taken from the source: http://cnbc.com Article Link: https://www.cnbc.com/2024/03/05/cfpb-rule-... #newsmax #newstodayheadlines #newsworldabc #bbcnewstoday #newsworldtoday #usanewstoday #",2024-03-05T16:00:00+00:00,,0,0,-1,10,UC7hQS4Zc4geQNlGVCwPNd_w,SadCatStories1,SAD CAT SAD STORIES,,0,true,true,false,496,true,true,1,false,relevant,0.88,Keyword phrase appears in substantive text with supporting topic or policy context.,rule,rule_v1.3_multi_platform_2026-07-02,,,,,,,,,,false,,,true,../models/Qwen3-32B,,,,,"JSONDecodeError: Expecting ',' delimiter: line 1 column 552 (char 551)",2026-07-14T08:23:11,6ff11c2d10535c328c39f92dffbbe34029eafe41
YouTube:video:3iY4tzrJPB0,YouTube:video:3iY4tzrJPB0,3iY4tzrJPB0,YouTube,video,ytb_video_data.txt,https://www.youtube.com/watch?v=3iY4tzrJPB0,,,美国是否应扩大液化天然气 LNG 出口？,LNG exports || natural gas exports,"NG/LNG – This Week's Main Drivers and the Look Ahead | 06.21.2026 This Week's Main Drivers: Natural gas and LNG markets navigated a mix of bullish supply disruptions and easing geopolitical risks this week. The biggest headline came from the Middle East as Iran-related negotiations moved toward a tentative agreement and shipping traffic through the Strait of Hormuz resumed normal operations after recent disruptions. The reduced geopolitical risk premium weighed on global gas prices. In the U.S., LNG demand strengthened as Golden Pass LNG continued commissioning activities, with Train 1 reportedly reaching roughly 50% utilization. Meanwhile, Tropical Storm Arthur formed in the Gulf of America, adding another variable as hurricane season begins. Weather remained a key driver. Extreme heat and humidity pushed ERCOT to a new June peak-load record while South Texas Project Nuclear Unit 2 unexpectedly tripped offline, increasing near-term gas-fired generation demand. The EIA reported a +73 Bcf storage injection, matching the five-year average and significantly below last year's +97 Bcf build. The report was viewed as supportive, particularly given elevated cooling demand across much of the country. Internationally, Qatar continued loading LNG cargoes from Ras Laffan while labor action at Australia's Ichthys LNG facility was extended through July 6, keeping supply concerns on traders' radar. Longer term, developing El Niño conditions could influence both Atlantic hurricane activity and North American weather patterns later this year. The Look Ahead: Attention now shifts toward structural LNG market developments. Delfin LNG reached FID on the first U.S. floating LNG export project, highlighting continued confidence in long-term LNG demand growth. Reports also indicate ExxonMobil is evaluating global LNG acquisition opportunities as competition for future supply intensifies. Spot LNG economics increasingly favor Asia, encouraging Atlantic Basin cargoes to move eastward. At the same time, European gas storage remains below historical norms for this point in the injection season, maintaining competition for LNG volumes despite softer industrial demand. As the U.S. approaches the July 4 holiday period, domestic natural gas demand may temporarily soften from reduced industrial activity. However, summer cooling demand, LNG feedgas growth, hurricane season risks, and global supply disruptions continue to provide support beneath the market. The key question remains whether growing LNG demand and weather-driven power burns can offset seasonal storage injections as summer progresses. Links: https://www.eia.gov/naturalgas/storage/ https://www.goldenpasslng.com/ https://delfinmidstream.com/delfin-lng/ https://www.ercot.com/gridmktinfo/das... https://www.iea.org/reports/gas-marke... #NaturalGas #LNG #EnergyMarkets #NGTrading #HenryHub #ERCOT #GoldenPassLNG #DelfinLNG #EnergyInfrastructure #LNGExports #NaturalGasStorage #EnergyTransition #CommodityMarkets",2026-06-20T16:00:00+00:00,,25,8,-1,354,UCcvcKcyIO_nhZrRubvfxO3w,ElKTradingCoLLC,ELK TRADING Co LLC | Natural Gas Trading,,0,false,true,true,433,true,true,1,false,relevant,0.78,Multiple keyword tokens match and the text contains topic or public-policy context.,rule,rule_v1.3_multi_platform_2026-07-02,,,,,,,,,,false,,,true,../models/Qwen3-32B,,,,,"JSONDecodeError: Expecting ',' delimiter: line 1 column 568 (char 567)",2026-07-14T08:24:29,965281ff8c778d798c284ba883935d1b35a8f563
YouTube:video:zynBfBkCVWM,YouTube:video:zynBfBkCVWM,zynBfBkCVWM,YouTube,video,ytb_video_data.txt,https://www.youtube.com/watch?v=zynBfBkCVWM,,,大学生是否应更容易获得 SNAP 食品援助？,SNAP benefits,Shutdown threat leaves Tennessee families wondering if SNAP benefits will come next month TennesseeSNAPrecipients face uncertainty as the federal government shutdown threatens Novemberbenefits. Advocates warn ...,2025-11-22T06:17:44+00:00,,-1,-1,-1,8192,UCO6kzQ-7wcG0x8W5LpBA9RQ,newschannel5,NewsChannel 5,,0,true,true,true,25,false,true,1,false,relevant,0.88,Keyword phrase appears in substantive text with supporting topic or policy context.,rule,rule_v1.3_multi_platform_2026-07-02,,,,,,,,,,false,,,true,../models/Qwen3-32B,,,,,"JSONDecodeError: Expecting ',' delimiter: line 1 column 467 (char 466)",2026-07-14T08:23:19,7bca2ca5e1f8bd4c4dcb2b98e6b831b38b7a13ca
YouTube:video:RdqOU7c3Fdo,YouTube:video:RdqOU7c3Fdo,RdqOU7c3Fdo,YouTube,video,ytb_video_data.txt,https://www.youtube.com/watch?v=RdqOU7c3Fdo,,,是否应延续或扩大医保保费补贴？,ACA subsidies,"At least six states, including Washington State, are ramping up ACA subsidies The House passed a three-year extension on the credits earlier this month, but the bill is still sitting in the Senate.",2026-02-21T08:03:27+00:00,,-1,-1,-1,2122,UCExxWMXIf8UR5xb4eQTdh7A,KREM2NewsSpokane,KREM 2 News,,0,true,true,false,34,false,true,1,false,relevant,0.88,Keyword phrase appears in substantive text with supporting topic or policy context.,rule,rule_v1.3_multi_platform_2026-07-02,,,,,,,,,,false,,,true,../models/Qwen3-32B,,,,,"JSONDecodeError: Expecting ',' delimiter: line 1 column 538 (char 537)",2026-07-14T08:23:53,327a9466e40df5d4e9610130560933dfbbcf8170
YouTube:video:-g7fit3W6Ik,YouTube:video:-g7fit3W6Ik,-g7fit3W6Ik,YouTube,video,ytb_video_data.txt,https://www.youtube.com/watch?v=-g7fit3W6Ik,,,是否应扩大心理健康服务可及性？,mental health access,Mental health access in the Midstate and across US is hard to come by Gettingmental healthhelp can be difficult right now. Demand is high andaccessingservices is a struggle. Psychologists describe ...,2022-06-22T01:55:07+00:00,,-1,-1,-1,14,UC2QuSFgnIeiBR9p0_Ym_6Pg,WHTM-abc27News,WHTM - abc27 News,,0,true,true,false,30,false,true,1,false,relevant,0.88,Keyword phrase appears in substantive text with supporting topic or policy context.,rule,rule_v1.3_multi_platform_2026-07-02,,,,,,,,,,false,,,true,../models/Qwen3-32B,,,,,"JSONDecodeError: Expecting ',' delimiter: line 1 column 519 (char 518)",2026-07-14T08:24:02,478b0814cee0ec6c8a668c734e19c60931a4e5f0
YouTube:video:b73MLiz_DB8,YouTube:video:b73MLiz_DB8,b73MLiz_DB8,YouTube,video,ytb_video_data.txt,https://www.youtube.com/watch?v=b73MLiz_DB8,,,美国是否应扩大可负担住房供给？,housing crisis,"Expert warns 'crazy' migration levels are worsening Australia's housing crisis Menzies Research Centre Senior Fellow Nick Cater claims Australia's rapid population growth is being driven almost entirely by immigration. ""We've got a declining birth rate as you know,"" Mr Cater told Sky News host Peta Credlin. ""The fact that it's rising so fast is almost entirely down to immigration. ""I disagree with Dick Smith, and I don't think we need a population plan as such; I just think we need a sensible immigration policy. ""We don't admit so many people that we don't have houses and basic infrastructure for them. We've got a deficit of maybe a quarter of a million houses at the moment; it's crazy letting more people in. ""We make sure that the people who come to this country are going to love this culture.""",2026-06-02T16:00:00+00:00,,417,208,-1,20662,UCO0akufu9MOzyz3nvGIXAAw,SkyNewsAustralia,Sky News Australia,,0,true,true,false,147,false,true,1,false,relevant,0.88,Keyword phrase appears in substantive text with supporting topic or policy context.,rule,rule_v1.3_multi_platform_2026-07-02,,,,,,,,,,false,,,true,../models/Qwen3-32B,,,,,"JSONDecodeError: Expecting ',' delimiter: line 1 column 534 (char 533)",2026-07-14T08:24:26,d9d275935b39e2ea5fecabe3b2a0aa65dab803b3
YouTube:video:sxIwCPkMQ3w,YouTube:video:sxIwCPkMQ3w,sxIwCPkMQ3w,YouTube,video,ytb_video_data.txt,https://www.youtube.com/watch?v=sxIwCPkMQ3w,,,政府是否应保护堕胎服务的可及性？,abortion access,"Panel hears bill which would expand abortion access In Annapolis on Thursday, a state budget panel took up a bill to expand access to abortion care across the state. Supporters of Senate Bill 848 called it a financial no-brainer, expanding access to care with no cost to taxpayers. Subscribe to WBAL on YouTube now for more: http://bit.ly/1oJSRCN Get more Baltimore news: http://www.wbaltv.com Like us: / wbaltv11 Follow us: / wbaltv11 Instagram: / wbaltv11",2025-03-06T16:00:00+00:00,,3,1,-1,96,UCpmb83_U37eDBlgEezsxK7w,WBALTV11,WBAL-TV 11 Baltimore,,0,true,true,false,77,true,true,1,false,relevant,0.88,Keyword phrase appears in substantive text with supporting topic or policy context.,rule,rule_v1.3_multi_platform_2026-07-02,,,,,,,,,,false,,,true,../models/Qwen3-32B,,,,,"JSONDecodeError: Expecting ',' delimiter: line 1 column 465 (char 464)",2026-07-14T08:23:28,7a22e4604da05e3b456fccd78c89aea277d5c317
YouTube:video:tmaH4rHVGvs,YouTube:video:tmaH4rHVGvs,tmaH4rHVGvs,YouTube,video,ytb_video_data.txt,https://www.youtube.com/watch?v=tmaH4rHVGvs,,,美国是否应征收或避免征收碳税？,carbon tax,Carbon tax explained Watch this video to find out what a carbon tax is and how it can help to combat climate change.,2021-11-10T16:00:00+00:00,,1,0,-1,199,UCKg3XTO3NxuUPHbJsbkRNNA,greeneconomyjournal5197,Green Economy Journal,,0,true,true,false,23,false,true,1,false,relevant,0.88,Keyword phrase appears in substantive text with supporting topic or policy context.,rule,rule_v1.3_multi_platform_2026-07-02,,,,,,,,,,false,,,true,../models/Qwen3-32B,,,,,"JSONDecodeError: Expecting ',' delimiter: line 1 column 443 (char 442)",2026-07-14T08:24:25,4c7e223373278cdef41d7a0863f9db847c7297da
YouTube:video:eQw6xlh6nws,YouTube:video:eQw6xlh6nws,eQw6xlh6nws,YouTube,video,ytb_video_data.txt,https://www.youtube.com/watch?v=eQw6xlh6nws,,,美国是否应扩大液化天然气 LNG 出口？,LNG exports || natural gas exports,"U.S. LNG Exports Explained In 2023, the U.S. emerged as the world's top exporter of liquefied natural gas (LNG), transforming global energy markets. This video explores the factors behind this dramatic shift, from the shale revolution boosting U.S. natural gas production to the conversion of import infrastructure for export. As the global demand for LNG continues to rise, the U.S. dominance faces political challenges, including a recent export authorization pause by the Biden administration. To read the full report, visit lng.energyanalytics.org. ---------------------------- The National Center for Energy Analytics is a national energy think tank, founded by its Executive Director Mark P. Mills. There has never been a more critical time for sober-minded, fact-based, emotion-free perspectives in energy domains because the U.S. and European governments, along with many U.S. states, are embarked on the biggest industrial spending program in history, all directed in pursuit of an ""energy transition"" with the goal to rapidly replace hydrocarbons that currently supply 80% of the world's energy. The stakes and consequences are high precisely because ""transitions"" of such scale have never occurred and because energy is fundamental to everything in civilization. Follow us on X! https://x.com/energyrealities Follow us on LinkedIn! / 102052813 Visit our website at https://energyanalytics.org",2024-10-22T16:00:00+00:00,,10,0,-1,215,UC93kvGCq2lcm4npieB-eIRA,energyrealities,National Center for Energy Analytics,,0,true,true,true,218,true,true,1,false,relevant,0.88,Keyword phrase appears in substantive text with supporting topic or policy context.,rule,rule_v1.3_multi_platform_2026-07-02,,,,,,,,,,false,,,true,../models/Qwen3-32B,,,,,"JSONDecodeError: Expecting ',' delimiter: line 1 column 656 (char 655)",2026-07-14T08:24:30,08ae6bbecc106d71e675373cdfbc7e69c097de01
YouTube:video:vQiZmjZ9Iwc,YouTube:video:vQiZmjZ9Iwc,vQiZmjZ9Iwc,YouTube,video,ytb_video_data.txt,https://www.youtube.com/watch?v=vQiZmjZ9Iwc,,,美国是否应扩大液化天然气 LNG 出口？,LNG exports || natural gas exports,"Rep. Boustany Discusses Opportunity for U.S. LNG Exports Rep. Charles Boustany (R-LA) discusses liquefied natural gas exports, made possible by a rapid shift in global energy markets. The discussion took place at a June 10, 2013 event hosted by the Center for Strategic and International Studies (CSIS) hosted and entitled ""Expanding U.S. Trade Markets: Exploring Liquefied Natural Gas Exports."" See the full event at http://csis.org/event/expanding-us-tr... and read our coverage at http://www.naturalgas102.com.",2013-07-10T16:00:00+00:00,,0,0,-1,20,UCX-DEZNk6tjH3yH8s4Hn_Tw,Naturalgas102,Petro Policy,,0,true,true,true,83,true,true,1,false,relevant,0.88,Keyword phrase appears in substantive text with supporting topic or policy context.,rule,rule_v1.3_multi_platform_2026-07-02,,,,,,,,,,false,,,true,../models/Qwen3-32B,,,,,"JSONDecodeError: Expecting ',' delimiter: line 1 column 510 (char 509)",2026-07-14T08:24:30,de6497552044a8c312d7b321fb412afe200ece9e
YouTube:video:aoUW_mr_RwI,YouTube:video:aoUW_mr_RwI,aoUW_mr_RwI,YouTube,video,ytb_video_data.txt,https://www.youtube.com/watch?v=aoUW_mr_RwI,,,跨性别运动员是否应参加女子体育项目？,NCAA transgender athletes,"NCAA updates transgender participation policy | Coach Ruiz Podcast Ep.1 feat. Donavan Sebastian On the very 1st episode of the Coach Ruiz Podcast, I am joined by Donavan Sebastian. We discuss NCAA's update on transgender participation, Tom Brady, and some Superbowl predictions. Go ahead and give Donavan a follow here: / the_don_perignon_ Instagram: / coachruiz3 Facebook: https://www.facebook.com/CoachRuiz3/?...",2022-02-14T16:00:00+00:00,,3,0,-1,44,UCm3IZe7uNn3oZ1fD5x_nOkQ,Bobbito3,Bobbito3,,0,false,true,false,60,true,true,1,false,relevant,0.78,Multiple keyword tokens match and the text contains topic or public-policy context.,rule,rule_v1.3_multi_platform_2026-07-02,,,,,,,,,,false,,,true,../models/Qwen3-32B,,,,,"JSONDecodeError: Expecting ',' delimiter: line 1 column 526 (char 525)",2026-07-14T08:24:34,101de69b34c116985a1602313a7aeeee4ad53d88
X:post:1126606835216199680,X:post:1126606835216199680,1126606835216199680,X,post,x_message_data.txt,https://x.com/WhiteHouse45/status/1126606835216199680,,,演唱会和体育赛事门票是否应强制显示全价？,hidden fees,"""No American mom or dad should lay awake at night worrying about the hidden fees or shocking, unexpected medical bills to come."" https://t.co/rKb6wv1Ms3",2019-05-09T21:56:15+00:00,en,5913,427,1109,-1,822215673812119553,WhiteHouse45,The White House 45 Archived,"This is an archive of a Trump Administration account, maintained by the National Archives and Records Administration.",22732354,true,true,false,26,true,true,1,false,relevant,0.8,Keyword phrase appears in substantive text with supporting topic or policy context.,rule,rule_v1.3_multi_platform_2026-07-02,,,,,,,,,,false,,,true,../models/Qwen3-32B,,,,,"JSONDecodeError: Expecting ',' delimiter: line 1 column 501 (char 500)",2026-07-14T08:22:57,81e2df6fe765e91914aa0ab882119a1ee43c447b
X:post:2068006859915575433,X:post:2068006859915575433,2068006859915575433,X,post,x_message_data.txt,https://x.com/United24media/status/2068006859915575433,,,美国是否应加强边境技术和监控？,border surveillance,⚡️ BREAKING: Zelenskyy gave Lukashenko a 7-day ultimatum to remove border surveillance equipment adjusting Russian fire on Ukrainian civilians. https://t.co/K4L2O4rOcY,2026-06-19T16:23:51+00:00,en,568,5,138,8159,1550895583476449280,United24media,UNITED24 Media,Firsthand news from the epicenter of global events. Stay informed and support the cause. Donate today: https://t.co/1zH50zlJKq,106894,true,true,false,23,true,true,1,false,relevant,0.8,Keyword phrase appears in substantive text with supporting topic or policy context.,rule,rule_v1.3_multi_platform_2026-07-02,,,,,,,,,,false,,,true,../models/Qwen3-32B,,,,,"JSONDecodeError: Expecting ',' delimiter: line 1 column 517 (char 516)",2026-07-14T08:22:57,7e743db3e0c67fc863eb3638b6fbe63cef3cb30d
X:post:1870142925029683270,X:post:1870142925029683270,1870142925029683270,X,post,x_message_data.txt,https://x.com/ShadowofEzra/status/1870142925029683270,,,高校是否应为高学费和学生债务承担更多责任？,college tuition,"Chuck Schumer is prepared for a government shutdown, stating he will only back the original massive 1,500+ page bill packed with wasteful spending, including: - A 40% pay hike for Congress - $15M to fund college tuition for Egyptians -$400K for transgender clothing expenses - https://t.co/ONKWYh0Hwo",2024-12-20T16:23:13+00:00,en,7380,2536,4947,878519,1608459779239706627,ShadowofEzra,Shadow of Ezra,I am only on X and Telegram under the same handle. All other accounts are scamners and imposters.,902734,true,true,false,47,true,true,1,false,relevant,0.88,Keyword phrase appears in substantive text with supporting topic or policy context.,rule,rule_v1.3_multi_platform_2026-07-02,,,,,,,,,,false,,,true,../models/Qwen3-32B,,,,,"JSONDecodeError: Expecting ',' delimiter: line 1 column 482 (char 481)",2026-07-14T08:23:00,5afdc6bbda699d7f88a4916055533d9fd96df4a8
YouTube:video:kEddz9AKD_c,YouTube:video:kEddz9AKD_c,kEddz9AKD_c,YouTube,video,ytb_video_data.txt,https://www.youtube.com/watch?v=kEddz9AKD_c,,,IVF 等辅助生殖治疗是否应获得更多公共支持？,in vitro fertilization,Infertility and In Vitro Fertilization in New York City Welcome to Advanced Fertility Services in New York City. We have been providing infertility and IVF services for over 25 years.,2011-01-31T16:00:00+00:00,,3,0,-1,1869,UC9LtOj6i65O562NThLb2VYg,afslab,afslab,,0,true,true,true,30,false,true,1,false,relevant,0.88,Keyword phrase appears in substantive text with supporting topic or policy context.,rule,rule_v1.3_multi_platform_2026-07-02,,,,,,,,,,false,,,true,../models/Qwen3-32B,,,,,"JSONDecodeError: Expecting ',' delimiter: line 1 column 509 (char 508)",2026-07-14T08:23:05,fe059435305a431d8e6b622c8f4c2e9db29aed2a
YouTube:video:shNnScOtTKQ,YouTube:video:shNnScOtTKQ,shNnScOtTKQ,YouTube,video,ytb_video_data.txt,https://www.youtube.com/watch?v=shNnScOtTKQ,,,政府是否应扩大纳洛酮等阿片过量急救药的获取？,addiction treatment || opioid crisis,"Treating Opioid Addiction in the Emergency Department ER visits related to opioids are climbing. Typically, patients' symptoms aretreated, but the underlying disease ofaddictionis not.",2018-06-24T17:10:13+00:00,,-1,-1,-1,44962,UCFfXigdPAlyTfCsmWp6rQjQ,CaliforniaHealthCareFoundation,California Health Care Foundation,,0,false,true,false,24,false,true,1,false,relevant,0.78,Multiple keyword tokens match and the text contains topic or public-policy context.,rule,rule_v1.3_multi_platform_2026-07-02,,,,,,,,,,false,,,true,../models/Qwen3-32B,,,,,"JSONDecodeError: Expecting ',' delimiter: line 1 column 584 (char 583)",2026-07-14T08:23:34,44e1b8a96fd3e1b4c75db162d5863c1dcee86ea0
YouTube:video:jdDXP4r50Qw,YouTube:video:jdDXP4r50Qw,jdDXP4r50Qw,YouTube,video,ytb_video_data.txt,https://www.youtube.com/watch?v=jdDXP4r50Qw,,,是否应提供带薪家庭假和育儿假？,paid family leave,Maine workers who applied can begin their paid family and medical leave on Friday The Maine Paid Family Leave Coalition is celebrating its launch with events in both Portland and Bangor on Friday.,2026-04-29T16:00:00+00:00,,1,0,-1,362,UCQAUoXXSGHSntpTPvWwvXbg,NEWSCENTERMaine,NEWS CENTER Maine,,0,true,true,false,33,false,true,1,false,relevant,0.88,Keyword phrase appears in substantive text with supporting topic or policy context.,rule,rule_v1.3_multi_platform_2026-07-02,,,,,,,,,,false,,,true,../models/Qwen3-32B,,,,,"JSONDecodeError: Expecting ',' delimiter: line 1 column 526 (char 525)",2026-07-14T08:24:04,665df5c188c8aceb03eff155ff69d6cb8a7e54de
YouTube:video:R57d2af5JyU,YouTube:video:R57d2af5JyU,R57d2af5JyU,YouTube,video,ytb_video_data.txt,https://www.youtube.com/watch?v=R57d2af5JyU,,,美国是否应征收或避免征收碳税？,carbon pricing,"2025 ATPI/PELR Symposium: Carbon Tax and Other Pricing Proposals Elisabeth Haub School of Law at Pace University Tax Law, the Environment, and Climate Change | American Tax Policy Institute and Pace Environmental Law Review Symposium Panel: Carbon Tax and Other Pricing Proposals Carbon taxes are fees or duties imposed on emissions that, when released into the atmosphere, contribute to global climate change. These taxes can be imposed on businesses or individuals; they can be imposed on carbon content in fossil fuels (e.g., coal) or on the emissions themselves. The European Union, Canada, and many other countries use emission pricing schemes, but the United States does not. What are some ways that the tax law can be harnessed to improve existing carbon pricing regimes? Are countries retreating from market-based policies for reducing emissions of carbon dioxide? Is there such a thing as an optimal carbon policy? This panel will consider these and related questions. Moderator and Commentator: Roberta F. Mann, Professor Emerita, University of Oregon School of Law and American Tax Policy Institute Trustee Presenters: Giedre Lideikyte Huber, Ph.D., Assistant Professor of Tax Law, University of St. Gallen, Switzerland Sven Rudolph, Ph.D., Policy Advisor for Climate and Energy Policy Institute for Church and Society, Protestant Church of Westphalia, Germany David A. Weisbach, Walter J. Bum Professor of Law, University of Chicago School of Law Wei Cui, Professor, University of British Columbia Allard School of Law https://law.pace.edu",2025-03-26T16:00:00+00:00,,0,0,-1,93,UCVQ7kRHpYAYFp4r9RiTemPg,HaubLawatPace,Elisabeth Haub School of Law at Pace University,,0,true,true,false,242,true,true,1,false,relevant,0.88,Keyword phrase appears in substantive text with supporting topic or policy context.,rule,rule_v1.3_multi_platform_2026-07-02,,,,,,,,,,false,,,true,../models/Qwen3-32B,,,,,"JSONDecodeError: Expecting ',' delimiter: line 1 column 564 (char 563)",2026-07-14T08:24:25,864f437598e582b88812942d0c9e424d7cb088a8
YouTube:video:D829XVaEulo,YouTube:video:D829XVaEulo,D829XVaEulo,YouTube,video,ytb_video_data.txt,https://www.youtube.com/watch?v=D829XVaEulo,,,是否应加强警察问责并限制 qualified immunity？,police accountability,"The Code Podcast Episode #19 CT Police Accountability Bill#3471with Attorney Elliot Spector In this episode, BJJ Blackbelt and Career LEO Rob Magao, along with Career LEO Det.Tom Ganley Interview Attorney Elliot Spector in regards to the CT Police Accountability Bill (CT Bill #3471). Attorney Spector serves as a law enforcement expert for Hassett & George. Elliot was a Hartford Police Officer from 1971 through 1980. Elliot's practice concentrates on the representation of law enforcement officers and municipalities. He also acts as a law enforcement advisor for police departments and individual officers on policy issues, critical incidents and law related questions. #manchesterbjj #thecodepodcast #hebronbjj #elliotspector #policeaccountability #3471 #tomganley #selfdefense #graciejiujitsu #pedrosauer #Connecticutpolice #UFC #policetraining #useofforce #invictusleo #bushido #bluelinebjj #bjjmakeitmandatory #bjjfanatics #manchesterct #hebronct",2020-07-17T16:00:00+00:00,,40,0,-1,1927,UCgVz_lqop5R5CccXzzu0EMA,bushidobjj,Bushido Brazilian Jiu-jitsu,,0,true,true,false,123,false,true,1,false,relevant,0.88,Keyword phrase appears in substantive text with supporting topic or policy context.,rule,rule_v1.3_multi_platform_2026-07-02,,,,,,,,,,false,,,true,../models/Qwen3-32B,,,,,"JSONDecodeError: Expecting ',' delimiter: line 1 column 567 (char 566)",2026-07-14T08:23:47,719cd08540894cdf58f2329fcbb50bfc60eefa08
YouTube:video:942t5LfzPUk,YouTube:video:942t5LfzPUk,942t5LfzPUk,YouTube,video,ytb_video_data.txt,https://www.youtube.com/watch?v=942t5LfzPUk,,,是否应扩大心理健康服务可及性？,telehealth mental health,"What They Aren't Telling You About Weight Loss Drugs Rapid weight‑loss drugs like GLP‑1s are changing lives — and health care — but there's an often‑overlooked psychological cost. In this interview, Dr. Thomas Rutledge explains the ""neglected psychology"" that can follow dramatic, fast body changes: phantom obesity, body image mismatch, and emotional and social consequences similar to those seen after bariatric or cosmetic surgery. Key Takeaways: Why the brain can lag behind sudden physical change and produce experiences like phantom obesity. How rapid transformations can unmask or worsen body dysmorphia and other mental‑health challenges. Lessons from bariatric surgery care: why psychological evaluation and education should be built into GLP‑1 prescribing. Practical steps clinicians and patients can take: pre‑treatment counseling, ongoing support, telehealth options, and insurance considerations. Why lowered stigma and digital mental‑health tools could help scale psychological care — and what barriers (cost, implementation) still exist. Timestamps: 0:00 — Intro 0:15 — Why GLP‑1s are everywhere 0:50 — The ""neglected psychology"" of rapid weight loss 2:10 — Phantom obesity and body‑mind mismatch 4:00 — Comparisons to bariatric and cosmetic surgery 6:00 — The role of psychological evaluation and counseling 8:00 — Telehealth, stigma reduction, and insurance issues 9:20 — Final thoughts",2026-06-17T16:00:00+00:00,,1,0,-1,43,UCw5-Y8LaxIaNQZsQM0eLXxg,finstreamtvus,FinStreamTV,,0,false,true,false,209,false,true,1,false,relevant,0.78,Multiple keyword tokens match and the text contains topic or public-policy context.,rule,rule_v1.3_multi_platform_2026-07-02,,,,,,,,,,false,,,true,../models/Qwen3-32B,,,,,"JSONDecodeError: Expecting ',' delimiter: line 1 column 556 (char 555)",2026-07-14T08:24:02,ee2306e398de72dee252728baf89e13c9ad4a24c
YouTube:video:vTGLCKXcP5A,YouTube:video:vTGLCKXcP5A,vTGLCKXcP5A,YouTube,video,ytb_video_data.txt,https://www.youtube.com/watch?v=vTGLCKXcP5A,,,是否应提供带薪家庭假和育儿假？,paid parental leave,11 September 2024 - Superannuation on Paid Parental Leave Alicia shares how paid parental leave is a fundamental support for working families.,2024-09-12T16:00:00+00:00,,4,2,-1,335,UCjLO7vIpdocv75XQ4p0yVPw,aliciapaynemp3011,Alicia Payne MP,,0,true,true,false,21,false,true,1,false,relevant,0.88,Keyword phrase appears in substantive text with supporting topic or policy context.,rule,rule_v1.3_multi_platform_2026-07-02,,,,,,,,,,false,,,true,../models/Qwen3-32B,,,,,"JSONDecodeError: Expecting ',' delimiter: line 1 column 493 (char 492)",2026-07-14T08:24:03,6458d7deaaaa600d8e4e5c75ba7426abf84725a0
YouTube:video:NoxWJ99lpow,YouTube:video:NoxWJ99lpow,NoxWJ99lpow,YouTube,video,ytb_video_data.txt,https://www.youtube.com/watch?v=NoxWJ99lpow,,,美国是否应扩大可负担住房供给？,affordable housing,"Nyacaba Affordable Housing, Juja, Kiambu. Nyacaba Affordable Housing, Juja, Kiambu.",2026-03-26T16:00:00+00:00,,28,0,-1,3229,UCuNsouEfEq9Sh6tapfg4uRA,StateHouseRepublicofKenya,State House Kenya,,0,true,true,false,10,false,true,1,false,relevant,0.88,Keyword phrase appears in substantive text with supporting topic or policy context.,rule,rule_v1.3_multi_platform_2026-07-02,,,,,,,,,,false,,,true,../models/Qwen3-32B,,,,,"JSONDecodeError: Expecting ',' delimiter: line 1 column 506 (char 505)",2026-07-14T08:24:27,2828e846051469876c3faeba37f6a4950e7abc77
